,id,name,host_id,host_name,neighbourhood_group,neighbourhood,latitude,longitude,room_type,price,minimum_nights,number_of_reviews,last_review,reviews_per_month,calculated_host_listings_count,availability_365,number_of_reviews_ltm,license,ZipCodes
208,42882,New York room with a view,185978,Newyorkroomwithaview,Staten Island,St. George,40.64633,-74.08156,Private room,70,5,178,2022-08-04,1.28,1,265,2,,
332,258838,"Oceanview,close to Manhattan",1360198,Marina,Staten Island,Arrochar,40.591675,-74.065865,Entire home/apt,279,2,54,2022-08-31,0.45,2,349,25,,
410,214917,New Clean Spacious Bed & Breakfast,1109658,Carmel,Staten Island,Emerson Hill,40.60742,-74.14388,Entire home/apt,76,30,2,2018-02-08,0.03,1,0,0,,
442,225976,Cozy multi-leveled apartment!,1177947,Marina,Staten Island,Shore Acres,40.61019,-74.06757,Entire home/apt,100,4,90,2022-08-31,0.68,1,304,2,,
608,503460,Spacious Apartment w extra room,2483236,Caitlin,Staten Island,New Springville,40.59274,-74.16178,Private room,68,30,11,2018-10-22,0.13,1,0,0,,
780,639199,"Beautiful 4BR/4BA Home, Staten Island, NY City.",1483081,Marina,Staten Island,Tottenville,40.50863,-74.24135,Entire home/apt,503,3,95,2022-09-03,0.86,1,313,15,,
831,681805,NEAR THE CITY THAT NEVER SLEEPS!,3375455,Maria,Staten Island,Mariners Harbor,40.62915,-74.16214,Private room,56,7,82,2022-07-05,0.68,2,321,2,,
897,705749,Room Available Close to Manhattan-A,3625735,Marianne,Staten Island,Concord,40.60066,-74.08902,Private room,69,30,61,2022-08-20,0.5,2,315,1,,
914,712136,Room Available-Close to Manhattan-B,3625735,Marianne,Staten Island,Concord,40.60035,-74.09103,Private room,68,30,36,2017-08-29,0.3,2,0,0,,
1435,1665498,"Med/Grad Students: Priv 3rd Fl room, with own bath",8821936,Lynn,Staten Island,Shore Acres,40.61033,-74.06544,Private room,88,5,33,2022-08-25,0.31,1,313,5,,
1958,2498576,"NYC Living, 30 day rental",2675644,Alissa,Staten Island,St. George,40.64743,-74.08419,Private room,55,30,88,2020-05-26,0.88,5,341,0,,
2014,2528636,"NYC at its finest, 30 day rental",2675644,Alissa,Staten Island,St. George,40.64734,-74.08414,Private room,86,30,52,2018-02-05,0.51,5,313,0,,
2109,2794725,LOOK! Attached single family,14295613,Skylar,Staten Island,Clifton,40.62578,-74.07356,Entire home/apt,75,30,1,2014-04-19,0.01,1,0,0,,
2249,2889387,New York City near Staten Is. Ferry,2269517,Rob&Elle,Staten Island,St. George,40.64367,-74.0794,Private room,85,2,293,2022-04-28,2.9,1,0,2,,
2352,3465651,‚ÄúHome away from Home‚Äù 1st Floor Suburban Apt.,4060346,"Lisa, Nancy & John",Staten Island,Huguenot,40.54153,-74.16442,Private room,73,1,206,2022-08-07,2.07,1,258,21,,
2573,3743048,SWEET BOHO OASIS ROOM Steps to Ferry! Great Value!,19143974,Meghan,Staten Island,St. George,40.64489,-74.07789,Private room,72,3,186,2022-09-05,2.25,1,127,40,,
2767,4033422,The Lighthouse Manor,20911928,Judith,Staten Island,Lighthouse Hill,40.57716,-74.14087,Entire home/apt,250,30,56,2020-01-02,0.61,1,363,0,,
2902,4206034,Clean and Huge Studio in Safe Area,18382740,Takao & Aiko,Staten Island,Randall Manor,40.63603,-74.0951,Entire home/apt,115,7,41,2020-01-02,0.43,1,34,0,,
3526,5225088,Glorious Mornings Townhouse,2265022,K. Zovia,Staten Island,Mariners Harbor,40.62914,-74.15927,Entire home/apt,150,30,27,2022-08-21,0.31,1,348,4,,
3905,5899598,1-BdRm Entire Apartment St. George,6319915,Jason,Staten Island,St. George,40.64390612272814,-74.08280754285174,Entire home/apt,56,30,143,2022-08-31,1.68,2,30,3,,
3998,6181131,"Quiet Room Near RUMC (1st floor, Room 3)",32060911,Ervis,Staten Island,West Brighton,40.63451,-74.11527,Private room,45,26,16,2022-05-29,0.18,6,310,5,,
4048,6330321,"Mellow, Relaxed Apt",6319915,Jason,Staten Island,St. George,40.64499446984693,-74.08091924711673,Entire home/apt,78,29,158,2022-07-29,1.78,2,40,2,,
4408,6739145,Ranch style house with driveway,25368839,Florence,Staten Island,Dongan Hills,40.58151,-74.08876,Entire home/apt,160,30,84,2022-05-24,0.96,1,340,2,,
4584,7144807,"Spacious, Clean , Close to Local Transportation",37360127,Mel,Staten Island,Castleton Corners,40.61363,-74.12152,Private room,45,30,0,,,1,0,0,,
5376,8275676,LOVELY Clean&Safe 2 BR NYC Suburban,43637999,Martha,Staten Island,Great Kills,40.54615,-74.14654,Private room,109,1,115,2022-08-23,1.36,1,134,17,,
5493,8343222,"New Apartment, Close to Ferry",43977828,Mona And Wally,Staten Island,Silver Lake,40.62287,-74.09968,Entire home/apt,113,3,263,2022-08-27,3.11,1,357,41,,
5532,8664611,Affordable Luxury Minutes to Manhattan,45519775,Ayman,Staten Island,West Brighton,40.62872,-74.12154,Entire home/apt,86,3,213,2022-08-23,2.52,1,339,35,,
5563,8671663,Two bus stops to World Trade Center,45550171,Michael,Staten Island,Concord,40.60494,-74.07337,Entire home/apt,120,1,52,2022-08-05,0.62,1,155,16,,
5564,8589729,Magnolia House Saint George,45201692,Danforth,Staten Island,St. George,40.64816,-74.08445,Entire home/apt,190,2,172,2022-08-21,2.05,1,234,21,,
5866,9045427,Sunrise Condominium Apartment,47198995,Diana,Staten Island,Grymes Hill,40.61223,-74.09318,Entire home/apt,200,30,1,2015-11-01,0.01,1,0,0,,
6554,9858717,3rd floor loft with a view,14637971,Nadya,Staten Island,Tompkinsville,40.63073,-74.08588,Private room,42,5,37,2021-06-13,0.47,3,84,0,,
6848,10253159,Newly renovated house 4 bedroom. Minutes from NYC,10721093,Jonathan,Staten Island,Castleton Corners,40.61066,-74.12276,Entire home/apt,249,30,61,2022-08-07,0.95,1,280,2,,
7048,10413576,Quiet home free ferry to Manhattan,53627900,Mahmood,Staten Island,New Brighton,40.64365,-74.09113,Private room,55,1,253,2022-09-02,3.21,1,272,61,,
7335,11750272,"""Off the Beaten Path"" NYC OASIS",25059970,Jeffrey And Anna Rita,Staten Island,Clifton,40.62389,-74.07568,Entire home/apt,95,5,100,2020-02-27,1.28,1,105,0,,
7831,12704039,Small comfy attick room,14637971,Nadya,Staten Island,Tompkinsville,40.6298,-74.08527,Private room,38,5,30,2021-11-27,0.4,3,83,3,,
7874,12584072,Historic Gem Close to SI Ferry,80470317,Sergey,Staten Island,Stapleton,40.62534,-74.07705,Entire home/apt,210,1,199,2022-08-30,2.57,2,225,40,,
7966,12966225,"1 bedroom apt, comforts of home, close to all..",71312760,Don,Staten Island,Richmondtown,40.57095,-74.12328,Entire home/apt,120,3,166,2022-08-22,2.39,1,150,28,,
8333,13294471,Cozy Bedroom & Private Bath/Full use of Amenities,75032421,Delroy,Staten Island,Clifton,40.61639,-74.07661,Private room,149,3,144,2022-06-02,1.91,1,311,2,,
8787,13971842,By St. George.,23684948,Victor,Staten Island,Stapleton,40.62672,-74.07564,Private room,96,30,0,,,1,0,0,,
8964,14462592,Cozy Luxurious  Apartment.,79641851,Mia,Staten Island,Howland Hook,40.63018,-74.17485,Entire home/apt,125,3,30,2022-07-31,0.41,2,176,3,,
9111,14892623,Cozy Space w/ Separate Entrance,93441980,Tanya,Staten Island,South Beach,40.59273,-74.08831,Private room,95,1,103,2022-09-06,1.41,1,214,23,,
9237,15178725,2 BR Tropical Getaway near Ferry,96341353,Tony & Grace,Staten Island,St. George,40.64371,-74.07887,Entire home/apt,140,1,56,2022-08-22,0.82,3,327,17,,
9273,15207725,HugeTropical Bedrm near Ferry,96341353,Tony & Grace,Staten Island,St. George,40.64077,-74.07815,Private room,100,1,32,2022-05-30,0.45,3,339,8,,
9359,15532430,Quiet room near beach in residential area.,6051934,Susan,Staten Island,Midland Beach,40.57087,-74.09641,Private room,80,1,8,2019-11-03,0.11,1,338,0,,
9365,15297194,Cozy Island Bedroom near Ferry,96341353,Tony & Grace,Staten Island,St. George,40.64196,-74.07806,Private room,50,1,108,2022-09-03,1.52,3,327,31,,
9416,15949915,"Quiet, Private  3.5 rooms, Manhattan convenient",103545877,Jon,Staten Island,Oakwood,40.56052,-74.1289,Entire home/apt,100,30,2,2017-01-30,0.03,1,0,0,,
9456,15797728,"Modern, Ambient 1-Bedroom Apartment",28189446,Michella,Staten Island,Eltingville,40.5425,-74.14809,Entire home/apt,85,5,126,2022-08-15,1.78,1,308,18,,
9502,15833574,Delightful studio apartment.,102526590,Edward,Staten Island,Castleton Corners,40.61883,-74.12949,Entire home/apt,69,3,69,2022-01-29,1.06,1,0,1,,
9637,16123943,"1 BR 2nd Flr,  A/C, 1/2 mile to Verrazano bridge",104661811,Campo Elias,Staten Island,Arrochar,40.59434,-74.0709,Private room,350,30,14,2019-10-13,0.2,1,89,0,,
9715,16289102,"Comfy private room, great location to Manhattan",92493393,Lois,Staten Island,West Brighton,40.63304,-74.11275,Private room,65,2,55,2022-07-29,0.79,3,151,5,,
9718,16289973,Economy private room great location to Manhattan,92493393,Lois,Staten Island,West Brighton,40.63189,-74.11308,Private room,65,2,103,2022-07-12,1.47,3,235,13,,
9752,16232783,Private 1Br aparmtent on Floor 1 of my house,147708401,–ò—Ä–∏–Ω–∞,Staten Island,Great Kills,40.55621,-74.15805,Entire home/apt,91,7,43,2022-08-21,0.63,1,1,7,,
10044,16974611,Old charm room,14637971,Nadya,Staten Island,Tompkinsville,40.62814,-74.08666,Private room,48,5,38,2022-08-10,0.56,3,59,20,,
10107,17073870,South Beach Apartment Express to Manhattan,41398005,Mirco,Staten Island,Arrochar,40.59322,-74.06857,Entire home/apt,111,1,92,2022-09-04,1.39,3,18,7,,
10194,17257339,Contemporary. Spacious Apartment. Close to Ferry.,115259709,Paul,Staten Island,St. George,40.6456,-74.08069,Entire home/apt,150,2,82,2020-12-20,1.26,1,2,0,,
10301,17716523,30 Minutes from Manhattan Apartment in South Beach,41398005,Mirco,Staten Island,Arrochar,40.59322,-74.06857,Entire home/apt,112,1,239,2022-08-25,3.71,3,125,54,,
10355,17554298,The Sweet Pea Cottage,76840423,Kathleen,Staten Island,Huguenot,40.53894,-74.16983,Entire home/apt,188,1,301,2022-08-15,4.51,1,238,49,,
10380,17764355,"@Ferry,Loft,2Bdrm/4bed.Private,Renovated/Stylish",1715301,Mark,Staten Island,Stapleton,40.63398,-74.07871,Entire home/apt,129,3,160,2022-08-08,2.44,2,312,4,,
10475,17992512,Charming Suite in Historic Home,74282739,David,Staten Island,Stapleton,40.63031,-74.08091,Entire home/apt,71,1,431,2022-08-12,6.8,1,218,90,,
10609,18431324,Large bedroom apartment  to rest,33500990,Chian-TiLung,Staten Island,Clifton,40.61784,-74.0804,Private room,85,1,23,2022-08-23,1.55,3,87,13,,
10724,18629154,Le Chateu Blurple,38819962,Thomas,Staten Island,Tompkinsville,40.62775,-74.08408,Entire home/apt,105,2,54,2022-09-06,1.69,2,261,31,,
10958,18828846,"Private Studio Apartment, Staten Island, NYC",131115416,Kat,Staten Island,Emerson Hill,40.6067,-74.11728,Entire home/apt,39,30,73,2020-08-29,1.14,1,19,0,,
11051,19236716,a beautiful home,134672751,Louis,Staten Island,West Brighton,40.62534,-74.10841,Private room,200,30,0,,,1,0,0,,
11073,19523894,1-Bdrm Newly Renovated Spacious Apartment,137114793,Nick,Staten Island,Great Kills,40.56071,-74.14591,Entire home/apt,90,14,80,2022-07-30,1.29,1,99,8,,
11677,20305160,Beach House Retreat. 15 minutes from Manhattan.,1715301,Mark,Staten Island,Fort Wadsworth,40.59324,-74.0608,Entire home/apt,650,30,0,,,2,365,0,,
11694,20572837,Private Room right near SI Ferry,66798529,Courtney,Staten Island,St. George,40.64134,-74.07942,Private room,70,31,0,,,1,0,0,,
12222,21517530,GSG Inn - A totally private historic landmark inn,136214003,Gary,Staten Island,St. George,40.64727,-74.08402,Entire home/apt,150,3,184,2022-08-25,3.15,1,321,15,,
12538,21901025,house on the hill with free parking in NYC!,1483578,Spiritchild,Staten Island,St. George,40.6438,-74.08443,Private room,121,30,88,2020-03-07,1.51,1,362,0,,
12802,22276159,Affordable private room in a home in NYC,12258594,Rosa,Staten Island,St. George,40.64378,-74.0846,Private room,66,30,14,2020-03-01,0.24,2,180,0,,
12979,22511108,Historical home N.shore Staten Isl. nr FREE ferry.,128338539,Reuben,Staten Island,Stapleton,40.62988,-74.08115,Entire home/apt,175,3,33,2022-01-02,0.59,1,179,3,,
13057,22765472,Staten Island NYC Studio in Prime Location,162980623,Mela,Staten Island,Rosebank,40.6156472947196,-74.06853399247224,Entire home/apt,87,1,1,2022-08-28,1.0,1,342,1,,
13086,22450373,Private Modern Studio. Super cozy and quiet.,15535829,Jay,Staten Island,West Brighton,40.63435,-74.11374,Entire home/apt,132,2,11,2022-08-13,0.23,1,341,3,,
13276,23219361,Cozy Studio near South Beach :-),59966705,Justyna & Arek,Staten Island,Arrochar,40.59273,-74.07552,Entire home/apt,82,2,72,2022-08-15,1.3,1,315,12,,
13299,23247442,"Contemporary Home Away from Home, Entire house",499896,Leon,Staten Island,Tompkinsville,40.63575,-74.08098,Entire home/apt,525,4,94,2022-08-14,1.72,2,11,18,,
13368,23336877,Welcoming House near Verrazano Bridge,173823383,Basia,Staten Island,Shore Acres,40.60827,-74.07139,Entire home/apt,150,30,51,2019-07-02,0.94,1,0,0,,
13369,23465912,Beautiful apartment - easy access to all,175116422,Karilyn,Staten Island,Grant City,40.57955,-74.11109,Entire home/apt,129,5,118,2022-08-07,2.17,2,344,9,,
13375,23597323,Staten Island Studio,99270668,Joseph,Staten Island,New Dorp,40.56853,-74.11843,Entire home/apt,40,30,0,,,1,0,0,,
13473,23839013,New 2-Bedrooms on Grymes Hill,148130073,Sebastian,Staten Island,Grymes Hill,40.61887,-74.09107,Entire home/apt,119,5,143,2022-08-28,2.65,1,117,22,,
13502,24019880,Cozy Ensuite Private Bathroom,9263105,Wj,Staten Island,New Brighton,40.6438,-74.09177,Private room,38,30,4,2022-04-04,0.3,1,54,3,,
13528,24057583,Beautiful Studio Apt,181108819,Friday,Staten Island,Clifton,40.61989,-74.08581,Private room,69,2,85,2022-07-19,1.57,1,361,5,,
13611,24153268,Cheerful room with free ferry to Manhattan,2675644,Alissa,Staten Island,Randall Manor,40.640959490425445,-74.0964743895197,Private room,50,30,0,,,5,340,0,,
13762,24412681,Cozy SI den with multiple with easy access to NYC,184233409,Lisa,Staten Island,Port Richmond,40.63241,-74.13834,Entire home/apt,39,2,24,2021-08-10,0.46,1,0,0,,
13837,24653572,Staten Island retreat.,171590575,Anthony,Staten Island,Randall Manor,40.64174,-74.09864,Private room,109,30,2,2018-11-06,0.04,1,0,0,,
14311,26452047,Near To The City That Never Sleep! #2,3375455,Maria,Staten Island,Mariners Harbor,40.62935,-74.16225,Private room,60,30,3,2021-09-15,0.09,2,365,1,,
14336,26274490,Cozy Stay!!,197516314,Genny,Staten Island,Port Richmond,40.63552,-74.13363,Private room,50,5,26,2021-11-14,0.53,1,347,2,,
14354,26106086,"Lg bedroom in historic house, modern amenities.",17011664,Ann Marie,Staten Island,St. George,40.64728,-74.08572,Private room,55,30,0,,,1,154,0,,
14403,26331103,"Quiet Room near RUMC (1st floor, Room 2)",32060911,Ervis,Staten Island,West Brighton,40.63414,-74.1135,Private room,45,27,11,2022-06-18,0.28,6,306,3,,
14631,26874326,Room with private deck,113295877,Jonathan,Staten Island,New Brighton,40.63601,-74.09102,Private room,48,3,9,2022-08-30,0.87,3,124,9,,
14657,26889078,Staten Island Garden Apartment Near Ferry,199535935,Tim,Staten Island,St. George,40.646,-74.08647,Entire home/apt,89,30,91,2020-03-08,1.82,1,0,0,,
14691,27088022,Bright and Spacious Gorgeous Home,103450258,Asaf,Staten Island,Willowbrook,40.59919,-74.13389,Entire home/apt,329,4,39,2022-08-12,0.78,3,249,14,,
14694,27203413,Entire NonSmoking Quiet Private Apartment,204810113,Maria,Staten Island,New Brighton,40.63847,-74.09229,Private room,79,3,145,2022-08-27,2.92,1,252,29,,
14872,27700747,Beach-side basement media room,145245549,Dawid,Staten Island,New Dorp Beach,40.56614,-74.10312,Private room,65,3,36,2022-06-23,0.73,1,163,6,,
14923,27579796,New York home ferry ride from Manhattan.,169567256,Pariis,Staten Island,Tompkinsville,40.63204,-74.09195,Private room,90,2,1,2018-11-04,0.02,1,0,0,,
14928,28031322,"Staten Island Gem,  4 bedroom duplex in St. George",196770644,Rafael,Staten Island,Stapleton,40.63652,-74.07553,Entire home/apt,181,2,116,2022-08-20,2.4,2,265,33,,
14984,27910595,"Cozy&Clean Suite-private entry, bedroom & bathroom",210843289,Tajudeen,Staten Island,Mariners Harbor,40.63206,-74.15362,Private room,96,2,206,2022-08-23,4.38,1,82,33,,
15021,28085121,Cozy Manhattan view one bedroom .,212147885,Alisa,Staten Island,Tompkinsville,40.63629,-74.07918,Entire home/apt,99,7,5,2021-08-24,0.15,4,69,0,,
15046,28121595,‚òÄSunny & Comfy | 5‚òÖ Location | Spacious Yard | Pkg,301836,Svitlana,Staten Island,Midland Beach,40.57552,-74.09086,Entire home/apt,187,3,15,2022-08-21,0.39,1,150,10,,
15065,27967621,"Private Guest Suite Near Ferry, Manhattan, RUMC",13974626,Carrie,Staten Island,Randall Manor,40.63607,-74.09631,Entire home/apt,103,2,124,2022-09-05,2.88,1,286,36,,
15528,29431457,Large Studio Apartment on Todt Hill,146363617,Michael,Staten Island,Todt Hill,40.58612,-74.10824,Entire home/apt,65,29,16,2022-02-19,0.35,1,20,2,,
15572,29635732,Newly Renovated Spacious 2 Bedroom Apartment!,63227531,Marwa,Staten Island,Castleton Corners,40.62685,-74.12275,Entire home/apt,140,2,58,2022-08-14,1.26,2,344,16,,
15648,29701014,Clean and spacious three bedrooms apartment,223504937,Ellouise,Staten Island,Randall Manor,40.62912,-74.12839,Entire home/apt,125,4,115,2022-09-02,2.66,1,267,34,,
15665,29517676,Spacious & Comfortable Suite w/ Private Entry/Bath,72001588,Dave,Staten Island,West Brighton,40.62692,-74.11346,Private room,59,2,71,2021-09-26,1.51,1,0,2,,
15802,30082958,‚òÖ PRIVATE NYC STUDIO‚òÖSTEPS FROM TRAIN‚òÖQUEEN BED‚òÖ,73183897,Michael,Staten Island,Dongan Hills,40.58389,-74.10492,Entire home/apt,113,3,60,2022-09-06,1.3,1,26,21,,
15900,30003335,"The Right Direction Cottage2 Safe, clean and quiet",225530795,Olufemi,Staten Island,West Brighton,40.6286,-74.11558,Private room,60,30,20,2021-03-31,0.56,3,194,0,,
16506,31218310,Close to NYC with No CLeaning Fees ‚Äî-Q,233485864,Jeannie,Staten Island,New Dorp Beach,40.56653,-74.10441,Private room,99,1,184,2022-09-05,4.13,2,360,18,,
16534,31103559,Three bedrooms house,228608906,Linda,Staten Island,Arrochar,40.58935,-74.07147,Private room,75,30,19,2019-12-14,0.43,2,0,0,,
16553,31119799,One room/share  bath & kitchen IN 3 Bedrooms unit.,33500990,Chian-TiLung,Staten Island,St. George,40.64024,-74.08538,Private room,65,4,4,2022-07-02,0.48,3,360,4,,
16787,31900179,Eddies place #3,98214533,Edwin‚Äôs Place,Staten Island,Huguenot,40.54177,-74.17092,Entire home/apt,87,2,43,2022-09-02,0.98,1,267,14,,
16789,31905458,Habitacion disponible para turistas Staten Island,239180752,Edinson Jose,Staten Island,Tompkinsville,40.6376,-74.0784,Private room,50,30,0,,,1,0,0,,
16830,32095900,Seeking 1 roomate Annadale Staten island,240746806,Kristina,Staten Island,Arden Heights,40.55013,-74.17432,Private room,40,90,0,,,1,363,0,,
16854,31957975,"Private Entrance, 9 min to Ferry, Near Buono Beach",236334741,Wendy,Staten Island,Rosebank,40.61572,-74.0671,Private room,106,2,149,2022-08-21,3.41,2,75,16,,
16912,32206003,MedStudents/Travel Nurses/Drs Near SIUH Walk2Train,241676154,Maria,Staten Island,Grant City,40.57926,-74.1082,Private room,36,35,4,2021-04-10,0.1,14,140,0,,
16959,32381165,"Elegant & Luxurious, Clean & Cheerful entire house",499896,Leon,Staten Island,Stapleton,40.62725,-74.08235,Entire home/apt,557,4,55,2022-08-26,1.32,2,294,13,,
17039,32795950,Spacious Room in Beautiful Private House,246717334,Denise,Staten Island,Mariners Harbor,40.64076,-74.16641,Private room,55,1,26,2020-02-08,0.61,1,64,0,,
17151,32502180,1-Bedroom Newly Renovated Cozy Apartment,244217480,Vlad,Staten Island,Arden Heights,40.54652,-74.17551,Entire home/apt,107,30,17,2022-07-30,0.41,1,286,6,,
17177,32890299,MALE or COUPLE can ride free ferry manhattan&back!,244544373,Valerie,Staten Island,St. George,40.63794,-74.08271,Private room,85,1,14,2022-08-31,0.36,3,362,8,,
17193,32545866,FEMALES ONLY looking to relax get some rest!,244544373,Valerie,Staten Island,Richmondtown,40.5734,-74.13084,Private room,85,1,8,2022-08-21,0.21,3,360,4,,
17194,32546557,6 MIN 2 SIUH WALK 2TRAIN MEDSTUDENTS/Drs/TRAVELERS,241676154,Maria,Staten Island,Grant City,40.57746,-74.11037,Private room,39,30,5,2022-08-28,0.16,14,168,3,,
17211,33097219,New Family friendly home  in Staten island!,249104360,Arkady,Staten Island,Grymes Hill,40.61483,-74.08846,Entire home/apt,250,5,32,2022-08-14,0.79,1,159,17,,
17302,33242348,1 room in private house - 15 mins to NYC & Ferry,161357125,Mohsin,Staten Island,Emerson Hill,40.60862,-74.11774,Private room,249,3,7,2019-07-26,0.17,1,89,0,,
17767,34256727,"Private, Cozy, 1 Bedroom Escape! Near all!",49216953,Marina,Staten Island,Midland Beach,40.57548,-74.09462,Entire home/apt,124,2,75,2022-09-04,1.9,1,292,18,,
17779,34258883,MEDPROFESSIONALS TRAVEL NURSES BY HOSP WALK 2TRAIN,241676154,Maria,Staten Island,Grant City,40.579,-74.1102,Private room,35,30,5,2021-07-13,0.21,14,187,0,,
17790,34443205,"""Hop and Skip to NYC""",35819327,Annette,Staten Island,Rosebank,40.6156,-74.06649,Entire home/apt,135,30,14,2019-12-08,0.36,1,0,0,,
17792,34278935,2 Bedroom with a parking spot. Walk to Ferry.,256966373,Amir,Staten Island,St. George,40.64475,-74.0782,Entire home/apt,161,3,68,2022-08-28,2.08,4,165,38,,
17793,34444541,Private and comfortable apartment!!,210008453,Ana,Staten Island,Port Richmond,40.63795,-74.13881,Entire home/apt,69,1,4,2020-02-06,0.12,1,0,0,,
17830,34312163,Endless Summer,95570540,Ilene And Paul,Staten Island,Oakwood,40.5591,-74.11823,Entire home/apt,153,2,14,2021-11-29,0.36,7,90,3,,
17858,34652720,Stunning Modern Farmhouse,175116422,Karilyn,Staten Island,Grant City,40.58032,-74.11117,Entire home/apt,129,5,61,2022-08-23,1.59,2,299,20,,
17885,34858865,"Private home next to beach,parks,marina, parking",32162495,Mostafa,Staten Island,Eltingville,40.53911,-74.15396,Entire home/apt,199,10,0,,,3,0,0,,
17889,34859647,St. George Garden Apartment by S.I. Ferry + N.Y.C!,180740272,Kymberly,Staten Island,St. George,40.6418,-74.0807,Entire home/apt,186,3,50,2022-09-02,2.03,1,65,32,,
18056,34835762,Central Hall Colonial with Free Parking Bus EXP NY,252051657,Anastasios,Staten Island,Prince's Bay,40.53125,-74.20135,Entire home/apt,650,30,0,,,1,0,0,,
18079,34844071,"COZY GETAWAY, WALK 2 BEACH & RELAX, 15 Min to NYC!",56306339,Al,Staten Island,Midland Beach,40.57455,-74.09366,Entire home/apt,115,15,8,2022-08-12,0.22,1,281,3,,
18091,35155873,The Crazy Cute Condo,67319584,Monika,Staten Island,Randall Manor,40.64059,-74.09686,Entire home/apt,179,2,23,2022-05-15,0.94,1,0,17,,
18172,35262025,Comfy & Quiet 1 Bedroom,137872939,Mario & Eloise,Staten Island,Emerson Hill,40.60548,-74.13315,Private room,83,30,9,2020-06-10,0.24,1,364,0,,
18250,35455986,Newly renovated 1 bedroom apartment!,63227531,Marwa,Staten Island,West Brighton,40.62866,-74.12162,Entire home/apt,120,2,30,2022-09-05,0.77,2,344,17,,
18270,35619073,Cozy Studio Apartment. Walk to Ferry.,256966373,Amir,Staten Island,St. George,40.64333,-74.07799,Entire home/apt,133,3,47,2022-06-30,1.2,4,0,15,,
18347,35516587,3 bedroom house on a beach & 50 min to Manhattan,153561136,Irene,Staten Island,New Dorp Beach,40.5597,-74.10079,Entire home/apt,130,30,5,2019-09-10,0.13,1,0,0,,
18506,36267546,NO Cleaning FEES-F,233485864,Jeannie,Staten Island,New Dorp Beach,40.56482,-74.10287,Private room,95,1,135,2022-08-29,3.58,2,357,32,,
18642,36152335,The Boathouse,55602526,Scott,Staten Island,Great Kills,40.54046,-74.14322,Entire home/apt,229,3,3,2019-08-13,0.08,1,0,0,,
18912,37114037,Cute Victorian with easy access to express buses!,47585809,Jessica,Staten Island,Grymes Hill,40.6134,-74.08952,Entire home/apt,144,3,26,2022-05-22,0.7,1,277,6,,
18985,37174171,Country like house with easy access to city lights,279728593,Mohamed,Staten Island,Concord,40.60243,-74.07695,Private room,100,1,0,,,1,0,0,,
19139,37809572,"Large Quiet Room near RUMC (1st Floor, Room 1)",32060911,Ervis,Staten Island,West Brighton,40.63455,-74.11389,Private room,35,27,8,2022-07-03,0.23,6,296,2,,
19159,37720576,25 mins NYC Beautiful 2 Bedroom close to all,21194343,Marisa,Staten Island,Stapleton,40.62859,-74.07695,Entire home/apt,120,5,32,2022-08-28,0.87,2,248,7,,
19354,38215588,GREAT 4 MED PROFESSIONALS NEAR HOSP. WALK 2 TRAIN,241676154,Maria,Staten Island,Grant City,40.57935,-74.1101,Private room,33,30,6,2022-08-05,0.17,14,135,3,,
19406,38092217,GREEN YARD,197592915,Alex,Staten Island,Clifton,40.61993,-74.07329,Private room,55,30,12,2019-11-11,0.33,1,0,0,,
19575,38725189,Large families welcome here!,284090766,Dierdre,Staten Island,West Brighton,40.63358,-74.11297,Entire home/apt,169,2,83,2022-08-20,2.35,1,140,36,,
19632,38947926,one bed apartment in the heart of staten island,298304737,Mehmet,Staten Island,Mariners Harbor,40.62667,-74.15076,Entire home/apt,120,2,32,2022-09-05,0.96,1,179,15,,
19701,38645666,Stylish and Cozy One Bedroom,274605727,Renata,Staten Island,Arrochar,40.59787,-74.06296,Entire home/apt,85,2,15,2022-08-06,0.53,1,338,8,,
19729,38866096,"Right Direction Cottage 3 Quiet, Clean and Private",225530795,Olufemi,Staten Island,West Brighton,40.63033,-74.11345,Private room,60,30,22,2020-11-05,0.62,3,33,0,,
19733,38871574,Right Direction Cottage1 Private & Cozy NYC FINEST,225530795,Olufemi,Staten Island,West Brighton,40.63045,-74.11493,Private room,60,30,3,2019-12-05,0.08,3,218,0,,
19836,39083120,Victorian Film Location,2675644,Alissa,Staten Island,Randall Manor,40.64167,-74.09808,Entire home/apt,850,30,0,,,5,365,0,,
19851,39125813,Brand new construction nobody lived before 750sq,77290831,Nas,Staten Island,Prince's Bay,40.52339,-74.20517,Entire home/apt,118,7,3,2022-06-25,0.92,1,114,3,,
19888,39272481,Quite and confortable space un Staten Island,230085076,Felipe,Staten Island,Mariners Harbor,40.63301,-74.14626,Private room,55,30,0,,,1,0,0,,
19930,39180803,Three bedroom in the house,228608906,Linda,Staten Island,Arrochar,40.59116,-74.06959,Private room,75,30,2,2020-03-18,0.06,2,0,0,,
19979,39227915,Cozy spacious 3 bedrooms just outside of the city,299732232,Fernando,Staten Island,Howland Hook,40.62468,-74.16731,Entire home/apt,239,2,81,2022-09-05,2.33,1,291,30,,
19980,39336993,Breakfast nook,302138294,Al,Staten Island,Shore Acres,40.61129,-74.06357,Private room,66,2,20,2022-08-25,0.58,2,361,15,,
20082,39672049,Charming  Two Bedroom Suite,300577516,Libia,Staten Island,Clifton,40.6209,-74.07516,Private room,80,30,11,2022-07-03,0.34,1,341,3,,
20368,39903508,Home away from home. So comfy you wanna come back,307362200,Gigi,Staten Island,New Springville,40.59339,-74.16128,Entire home/apt,150,2,54,2022-08-23,1.92,1,161,25,,
20428,40086154,Clean space,302138294,Al,Staten Island,Shore Acres,40.61225,-74.06337,Private room,169,1,3,2021-11-07,0.09,2,364,1,,
20458,40197518,"Modern, Cozy Studio Apartment",212526336,Mike,Staten Island,Bull's Head,40.60394,-74.16678,Entire home/apt,60,30,31,2020-06-02,0.91,1,0,0,,
20558,40156479,Entire House In Staten Island Close to Ferry,5816670,John,Staten Island,Rosebank,40.61183,-74.07265,Entire home/apt,125,5,2,2020-01-04,0.06,1,0,0,,
20641,40453546,Clean and cozy apartment,312977896,Julie Ann,Staten Island,Grymes Hill,40.6102,-74.09122,Entire home/apt,86,2,79,2022-08-22,2.38,1,186,36,,
20724,40598227,Very quite and clean place,171446547,Xiomara,Staten Island,Port Richmond,40.62773,-74.13181,Private room,70,30,10,2020-03-12,0.3,1,64,0,,
20830,40734111,Cottage style stay w/ jacuzzi near ferry,83102592,Wanda,Staten Island,St. George,40.64061,-74.08582,Entire home/apt,135,2,87,2022-08-29,2.68,2,126,46,,
20861,40756088,NYC Artists Loft,2675644,Alissa,Staten Island,Randall Manor,40.64120873388328,-74.09845686303,Private room,55,30,0,,,5,365,0,,
21060,40897425,A home away from home,168240837,Quaneisha,Staten Island,Mariners Harbor,40.63561,-74.15415,Entire home/apt,60,1,32,2020-09-14,0.97,1,341,0,,
21122,41105251,LRG RM PVT. BTHRM MIN WALK 2 TRAIN NEAR HOSP.,241676154,Maria,Staten Island,Grant City,40.5775,-74.11038,Private room,41,30,6,2022-08-31,0.39,14,79,3,,
21128,41007370,Beautiful room in West New Brighton. Near ferry.,174786681,Sara I,Staten Island,Randall Manor,40.63587,-74.1213,Private room,49,7,13,2022-09-05,0.41,1,48,7,,
21230,41270387,Modern Apartment in Historic Home,53771409,Joe & Maria,Staten Island,Tompkinsville,40.63286,-74.08022,Entire home/apt,135,30,1,2020-08-25,0.04,1,0,0,,
21285,41614248,"Silver Lake House, hop, skip, jump from Manhattan",328114678,Sharon,Staten Island,Tompkinsville,40.63205,-74.09133,Entire home/apt,122,3,99,2022-08-27,3.11,1,295,54,,
21300,41634451,Beautiful one bedroom basement apartment,328405822,Cristina,Staten Island,Mariners Harbor,40.63686,-74.1537,Entire home/apt,60,15,9,2022-09-04,0.29,1,91,3,,
21598,42160230,Think of us as your  home Away from home.,110240064,Sandra,Staten Island,New Brighton,40.638,-74.08768,Entire home/apt,1200,30,0,,,1,90,0,,
21644,42067285,Countryn living,113295877,Jonathan,Staten Island,New Brighton,40.63651,-74.08917,Private room,56,3,24,2022-07-30,0.77,3,327,10,,
21797,42495508,2 Bedroom on the Upper Bay unit B,338412156,Michael,Staten Island,St. George,40.64578,-74.08509,Entire home/apt,150,3,23,2022-09-05,0.84,3,359,14,,
21821,42643177,Rose Garden Apartment,61172932,Mariam,Staten Island,Midland Beach,40.57303,-74.08528,Entire home/apt,180,2,92,2022-09-05,3.31,1,326,49,,
21986,42871724,Cozy apartment NYC Upper Bay Unit A,338412156,Michael,Staten Island,St. George,40.64412,-74.08442,Entire home/apt,125,3,41,2022-08-24,1.54,3,159,29,,
22081,42914015,Newly Renovated,294015297,Molara,Staten Island,West Brighton,40.63304,-74.12164,Private room,54,1,8,2022-05-02,0.46,1,359,3,,
22158,43197566,2 bed room minutes away from NYC unit C,338412156,Michael,Staten Island,St. George,40.64557,-74.08443,Entire home/apt,160,3,31,2022-09-05,1.93,3,361,23,,
22564,43605445,Residency NYC Luxury Apartment RUMC/Wagner welcome,22369387,Waleed,Staten Island,Silver Lake,40.61842,-74.10242,Entire home/apt,108,3,85,2022-09-03,3.14,1,242,35,,
22735,44251069,Amazing Room close to RMCU and SIUH,356623718,Aicha,Staten Island,Stapleton,40.62817,-74.07965,Private room,75,2,21,2022-07-10,0.93,10,175,15,,
22736,44251682,Cozy Room w/bathroom perfect for medical staffs,356623718,Aicha,Staten Island,Stapleton,40.62667,-74.0798,Private room,75,2,9,2022-06-03,0.39,10,176,5,,
22757,44283460,Two bedrooms/cooking/private/parking/APPLE TV,121399223,Weifeng(Daniel),Staten Island,Tompkinsville,40.63539,-74.08145,Entire home/apt,179,4,65,2022-08-29,2.52,6,208,16,,
22758,43913971,"Cozy, charming Carriage House in NYC near Downtown",12421549,Vivian,Staten Island,Shore Acres,40.61009,-74.06171,Entire home/apt,300,30,0,,,1,320,0,,
22800,44322571,Rosebank Townhome,299411542,Karen,Staten Island,Clifton,40.61968,-74.06875,Private room,300,30,0,,,2,0,0,,
22801,44322911,Oakwood Room,299411542,Karen,Staten Island,Richmondtown,40.56635,-74.13037,Private room,150,30,0,,,2,0,0,,
22887,44388930,Large  Bedroom,133299438,Vickie,Staten Island,St. George,40.63897,-74.08576,Private room,61,2,4,2022-08-07,1.14,2,77,4,,
22913,44191733,"Great 1 Bedroom apt, 6 mins away from SIUH",91744364,Jon,Staten Island,Grant City,40.57877,-74.11005,Entire home/apt,91,3,14,2022-08-20,0.56,1,341,7,,
22915,44415969,Style Home away from home,121399223,Weifeng(Daniel),Staten Island,Tompkinsville,40.63564,-74.08153,Entire home/apt,210,6,34,2022-04-29,1.33,6,192,4,,
22943,44249049,5 star apartment/Private entrance/Apple TV/cooking,121399223,Weifeng(Daniel),Staten Island,Tompkinsville,40.6337,-74.08355,Entire home/apt,135,2,108,2022-09-03,4.14,6,178,38,,
22969,44517372,Apartment in Staten Island - Bright and Cozy!,84150582,James,Staten Island,Arden Heights,40.5586,-74.17985,Entire home/apt,106,2,7,2022-09-04,3.5,1,273,7,,
23325,45424770,Urban Chic Private Suite,82088787,Sheren,Staten Island,Castleton Corners,40.62405,-74.12465,Entire home/apt,99,2,0,,,2,305,0,,
23480,45773311,"Eclectic Private New Apartment  Westerleigh, S.I.",194927513,Melissa,Staten Island,Westerleigh,40.61785,-74.1352,Entire home/apt,104,2,97,2022-09-03,4.31,1,135,57,,
23487,45775212,"A Unique place, very convenient and comfortable..",143194785,Roman,Staten Island,Eltingville,40.53887,-74.14247,Entire home/apt,500,2,0,,,1,178,0,,
23572,45698590,Penthouse on the hilltop,80470317,Sergey,Staten Island,Clifton,40.6237,-74.07517,Entire home/apt,165,1,21,2022-08-20,0.91,2,248,9,,
23730,45897458,Cozy home away from home,121399223,Weifeng(Daniel),Staten Island,Tompkinsville,40.63383,-74.08373,Entire home/apt,245,4,51,2022-07-26,2.3,6,285,23,,
23877,45956372,Staten Island Home with a Patio,372558343,Anatoly,Staten Island,Concord,40.60787,-74.09033,Entire home/apt,100,2,1,2020-11-03,0.04,1,0,0,,
23993,46510270,The Cozy Blue House - Charming Home Near SI Ferry,376179374,Paula,Staten Island,Grymes Hill,40.61169,-74.08928,Entire home/apt,295,2,85,2022-08-28,3.98,1,282,42,,
24133,46436269,Enjoy Entire Apt./Private Entrance/Free Parking,375692991,Jovanna,Staten Island,St. George,40.64142,-74.08346,Entire home/apt,108,2,82,2022-09-05,3.77,1,130,44,,
24348,46991303,COZY & ALL PRIVATE SPACE  close to RUMC & SIUH,379883703,Desmond,Staten Island,Port Richmond,40.63164,-74.13201,Private room,70,1,32,2022-08-22,2.19,1,348,26,,
24445,47009616,1 bedroom apartment near Staten Island ferry,260396179,Beni,Staten Island,Tompkinsville,40.63442,-74.08708,Entire home/apt,94,4,12,2022-05-29,0.7,2,27,9,,
24463,47286267,Large Bedroom with Ensuite BR minutes from RUMC,356623718,Aicha,Staten Island,Tompkinsville,40.63133,-74.0912,Private room,80,2,9,2022-08-13,0.45,10,291,8,,
24501,47250386,Beautiful Private Room in NYC near RUMC F2R2,356623718,Aicha,Staten Island,Tompkinsville,40.63235,-74.09291,Private room,75,3,8,2021-12-25,0.43,10,339,5,,
24502,47250831,Modern Private Room in NYC close to RUMC,356623718,Aicha,Staten Island,Tompkinsville,40.63313,-74.09093,Private room,75,2,12,2022-07-10,0.65,10,313,8,,
24504,47052038,The Island Pad,112573606,Mackenson,Staten Island,Randall Manor,40.63876,-74.12414,Entire home/apt,80,2,1,2021-03-31,0.06,1,0,0,,
24506,47251940,Large Private Room with easy access to SIUH & RMCU,356623718,Aicha,Staten Island,Stapleton,40.62645,-74.07967,Private room,75,2,9,2022-01-01,0.44,10,331,5,,
24534,47406799,Beachfront Cozy 5 star Studio,121399223,Weifeng(Daniel),Staten Island,Arrochar,40.58731,-74.07161,Entire home/apt,99,2,77,2021-12-26,3.81,6,0,18,,
24549,47080388,Modern luxury studio with all amenities,85852882,Zak,Staten Island,Shore Acres,40.60442,-74.0688,Entire home/apt,96,30,5,2022-04-02,0.29,1,85,3,,
24641,47355990,1st floor Private Apt near Ferry to NYC and Park,32162495,Mostafa,Staten Island,Silver Lake,40.63133,-74.09559,Entire home/apt,146,2,15,2022-08-20,0.81,3,180,11,,
24815,47848650,Private Room perfect for medical Staff and student,356623718,Aicha,Staten Island,Tompkinsville,40.63363,-74.09242,Private room,75,2,8,2022-05-06,0.56,10,360,7,,
24816,47848693,Gorgeous Private room in NYC blocks from RUMC F1R1,356623718,Aicha,Staten Island,Tompkinsville,40.6318,-74.09272,Private room,75,2,6,2022-07-23,0.42,10,346,5,,
24838,47858654,Charming 3-Bed. House with Verrazzano Bridge Views,33701866,Sergii,Staten Island,St. George,40.63741,-74.08474,Entire home/apt,122,2,32,2022-08-08,1.7,1,156,18,,
25019,48070696,NEAR SIUH & RUMC WALK TO TRAIN/STORES,241676154,Maria,Staten Island,Grant City,40.57955,-74.11033,Private room,33,30,7,2022-06-20,0.4,14,77,4,,
25035,48214743,Modern Luxury Loft nearby RUMC,356623718,Aicha,Staten Island,Tompkinsville,40.63371,-74.0928,Entire home/apt,111,3,10,2022-07-17,0.57,10,287,8,,
25053,48225044,cozy room with private shower,355258878,Wahid,Staten Island,Mariners Harbor,40.63711,-74.1694,Private room,60,2,5,2022-08-09,1.42,4,224,5,,
25207,48503146,Full 1 bedroom apartment,391400443,Veton,Staten Island,Prince's Bay,40.53138,-74.19113,Entire home/apt,96,5,12,2022-08-20,1.12,1,37,12,,
25222,48519376,SIUH/RUMC/NYC MIN WALK TO TRAIN MED STUDENTS/Drs.,241676154,Maria,Staten Island,Grant City,40.57973,-74.11029,Private room,36,30,2,2022-06-30,0.14,14,93,1,,
25232,48402078,The Height of staten island! Near R.U.M.C,24580977,Ed,Staten Island,New Brighton,40.64041,-74.08834,Entire home/apt,141,1,126,2022-09-04,7.23,2,162,89,,
25383,48758785,Frontbeach Love Home#Private#Free parking#cook,121399223,Weifeng(Daniel),Staten Island,Arrochar,40.58541,-74.07033,Entire home/apt,120,2,110,2022-09-01,6.24,6,155,78,,
25459,48661038,jack place,10259705,Benny,Staten Island,New Springville,40.58325,-74.15221,Entire home/apt,295,5,16,2022-07-27,1.0,1,217,11,,
25571,48900720,"Lovely Studio Apartment Rental In Staten Island,NY",394423249,Yvonne,Staten Island,Mariners Harbor,40.6367,-74.15344,Private room,89,1,2,2022-08-28,1.43,1,136,2,,
25714,49190656,‚òÄBright & Stylish Getaway | 5‚òÖ Location| Backyard‚Ä®,135072241,Lana,Staten Island,Midland Beach,40.575172,-74.092789,Entire home/apt,172,28,15,2022-08-27,1.55,1,356,15,,
25724,49136477,The BeachHouse in NYC Staten Island,76940812,Edmundo,Staten Island,Midland Beach,40.573452,-74.088165,Entire home/apt,175,2,26,2022-08-29,4.11,1,272,26,,
25914,49268785,Cozy peaceful newly renovated w/ AC Everything new,397500496,Robert,Staten Island,"Chelsea, Staten Island",40.59116,-74.1858,Entire home/apt,112,5,48,2022-08-18,2.96,1,162,33,,
26023,49591825,Newly Renovated Master Suite w/ Private Entry,34353017,Jingyi,Staten Island,Tompkinsville,40.62837,-74.08608,Private room,90,1,65,2022-08-31,4.06,3,33,41,,
26099,49613696,Large Bedroom w/ En-suite Bathroom & Private Entry,34353017,Jingyi,Staten Island,Tompkinsville,40.62988,-74.08639,Private room,86,1,54,2022-08-14,3.37,3,65,33,,
26279,49926303,Modern Retreat/City Views. Near R.U.M.C,261424448,M,Staten Island,New Brighton,40.639664,-74.088959,Entire home/apt,124,1,90,2022-08-28,5.79,1,146,74,,
26342,49873851,2 rooms in a family friendly home.,113295877,Jonathan,Staten Island,Tompkinsville,40.63525,-74.09086,Private room,71,3,25,2022-09-05,1.61,3,164,20,,
26401,49899141,One cozy bedroom near Verrazano bridge and ferry,179643204,Chun Kit,Staten Island,Shore Acres,40.61126,-74.06789,Private room,82,1,6,2022-07-09,0.43,1,0,4,,
26456,49980221,2  bedroom apartment near Staten Island ferry,260396179,Beni,Staten Island,Tompkinsville,40.63488,-74.08711,Entire home/apt,115,5,11,2022-08-13,1.62,2,56,11,,
26670,50279149,Cozy & Charming Artsy Studio with private entrance,53766519,Linda,Staten Island,Arden Heights,40.56434,-74.18373,Entire home/apt,97,1,95,2022-08-28,6.25,1,357,67,,
26893,50364332,Private guest suite,50116334,Joan,Staten Island,Tompkinsville,40.63064,-74.08179,Private room,95,30,0,,,1,0,0,,
26937,50578877,Hook Line & Sinker (with yard),95570540,Ilene And Paul,Staten Island,Oakwood,40.55966,-74.11788,Entire home/apt,165,2,6,2022-08-11,0.45,7,65,5,,
26938,50578893,Sunshine Shack,95570540,Ilene And Paul,Staten Island,Oakwood,40.55893,-74.12009,Entire home/apt,153,2,13,2022-08-23,1.04,7,85,12,,
26942,50526813,Home away from Home: Newly Renovated Apartment,273971514,Bright,Staten Island,Clifton,40.61717,-74.07848,Entire home/apt,125,2,51,2022-08-31,3.49,2,335,36,,
26967,50591009,4 MIN WALK 2 RUMC/ LARGE ROOM  WITH OWN BTHRM,241676154,Maria,Staten Island,West Brighton,40.63276,-74.10573,Private room,43,35,0,,,14,218,0,,
27007,50661719,Shore Beats Work (with yard),95570540,Ilene And Paul,Staten Island,Oakwood,40.55901,-74.11982,Entire home/apt,165,2,14,2022-08-17,1.02,7,65,11,,
27052,50684240,Couples Getaway,95570540,Ilene And Paul,Staten Island,Grant City,40.58239,-74.10838,Entire home/apt,130,2,32,2022-08-29,2.42,7,85,27,,
27224,50863511,Sandy Feet Retreat-2 Bedroom,95570540,Ilene And Paul,Staten Island,Oakwood,40.56082,-74.11994,Entire home/apt,185,2,13,2022-08-04,0.97,7,85,10,,
27246,50809630,Serenity Haven-2 Bedroom and yard,95570540,Ilene And Paul,Staten Island,Oakwood,40.55922,-74.11809,Entire home/apt,192,2,15,2022-08-14,1.08,7,65,13,,
27427,51025611,Lovely studio near the ferry,93930422,Hannan,Staten Island,New Brighton,40.64349,-74.09291,Entire home/apt,112,3,0,,,1,269,0,,
27433,51037520,FURNISHED ROOM WALK 2 RUMC HOSPITAL NO CAR NEEDED,241676154,Maria,Staten Island,West Brighton,40.63259,-74.1058,Private room,41,30,0,,,14,298,0,,
27497,51060485,"Exclusive 4,200 sqft home in prestigious area.",115671542,Valerie,Staten Island,Todt Hill,40.59989,-74.10771,Entire home/apt,249,24,1,2022-08-31,1.0,1,358,1,,
27601,51263392,Comfortable  2BR apartment close to everything,98868983,Nen,Staten Island,Stapleton,40.62723,-74.08004,Entire home/apt,124,2,11,2022-09-04,0.87,3,360,9,,
27638,51345893,"Cozy Condo Fully Furnished, free parking on site",117478572,Kristin,Staten Island,Graniteville,40.6204,-74.15343,Entire home/apt,80,90,0,,,1,352,0,,
27680,51411911,suite of two rooms  two beds with bath,33500990,Chian-TiLung,Staten Island,New Brighton,40.64008847449263,-74.08743133419358,Private room,130,1,2,2022-08-14,1.03,3,89,2,,
27693,51363890,Adorable 3 BR apartment a few min to Ferry,98868983,Nen,Staten Island,Stapleton,40.62613,-74.07805,Entire home/apt,124,2,28,2022-08-29,2.13,3,356,27,,
27783,51407096,cheerful residential Home with free parking.,98868983,Nen,Staten Island,Rosebank,40.61616,-74.06902,Private room,126,2,18,2022-09-05,1.48,3,358,18,,
27802,51465807,Bright and Modern Private Room Close to SIUH,356623718,Aicha,Staten Island,Stapleton,40.62636,-74.07984,Private room,80,2,3,2021-09-01,0.23,10,310,0,,
27839,51603112,Travel Nurses/MedStudentsNear HospitalWalk 2 Train,241676154,Maria,Staten Island,Grant City,40.5775,-74.11024,Private room,33,30,1,2022-07-23,0.64,14,102,1,,
27852,51608497,Spacious Home in Staten Island,858318,Andrew,Staten Island,Mariners Harbor,40.63476,-74.16903,Entire home/apt,60,30,0,,,1,280,0,,
27882,51499702,"Walking distance to train,bus and no cleaning fee.",413506029,Dung,Staten Island,Dongan Hills,40.58013,-74.10032,Entire home/apt,175,2,55,2022-09-05,4.22,1,139,49,,
27959,51669628,Casa Rosado @ NYC House Pool Firepit Parking Ferry,192476124,Carlos,Staten Island,Clifton,40.62151,-74.08483,Entire home/apt,625,2,13,2022-08-14,1.12,1,108,13,,
28012,51726884,Cheerful 1-bedroom Apartment,403218932,Elias,Staten Island,Castleton Corners,40.62575,-74.1195,Entire home/apt,130,2,12,2022-09-04,1.58,1,263,12,,
28091,51804585,Beautiful brand new furnished studio.,419687159,Zinaida,Staten Island,"Chelsea, Staten Island",40.59598,-74.18478,Entire home/apt,68,30,1,2022-06-03,0.31,1,365,1,,
28421,51989137,Cozy pet-friendly one bedroom apartment.,314036011,Tatiana,Staten Island,Woodrow,40.53777,-74.20674,Entire home/apt,115,1,54,2022-09-06,4.53,1,314,54,,
28578,52144908,"Private house near the bay, with amenities",147668954,Nancy,Staten Island,Stapleton,40.62619,-74.07717,Entire home/apt,309,14,0,,,1,0,0,,
28611,52154854,"Large 1 bedroom, parking, walk to Ferry",256966373,Amir,Staten Island,St. George,40.64458,-74.08005,Entire home/apt,157,3,31,2022-08-23,2.8,4,194,31,,
28618,52266126,Very quiet residential area with parking available on the street,44153917,Claudia,Staten Island,Graniteville,40.61264,-74.15086,Private room,40,5,5,2021-10-17,0.42,1,277,5,,
28726,52362873,3 bedroom beautiful home,179355129,Gabrielle,Staten Island,Dongan Hills,40.58308,-74.09337,Entire home/apt,270,3,22,2022-08-21,2.03,1,321,22,,
28781,52471756,1 Bedroom Apt Residential Area Close to Manhattan,207205519,Dimitri,Staten Island,Shore Acres,40.606396,-74.067902,Entire home/apt,90,3,4,2022-07-16,0.35,1,83,4,,
28782,52472350,2 Bedrooms across from a Beautiful Park,21194343,Marisa,Staten Island,Castleton Corners,40.6154,-74.11354,Private room,79,1,1,2021-10-30,0.1,2,363,1,,
28787,52487784,"Spotlessly clean 1 bedroom, 10 minutes  to ferry",32909880,Andrea,Staten Island,West Brighton,40.63042,-74.10299,Entire home/apt,99,4,11,2022-08-29,1.09,1,341,11,,
28811,52494046,Pleasant Two Bedroom Residential Place.,424893639,Hawa,Staten Island,Grymes Hill,40.61944,-74.08612,Private room,79,1,5,2022-04-23,0.45,1,179,5,,
29085,52583253,Studio apartment near Staten Island University,43967768,Admir,Staten Island,Dongan Hills,40.58403,-74.08889,Entire home/apt,105,14,0,,,1,0,0,,
29102,52584132,Cozy private room with so many amenities!,42076010,Adekunle,Staten Island,Mariners Harbor,40.64015,-74.1697,Private room,76,2,12,2022-06-02,1.07,2,355,12,,
29104,52585129,Beautiful private room with all amenities!!!,42076010,Adekunle,Staten Island,Mariners Harbor,40.63856,-74.16957,Private room,63,2,8,2022-07-23,0.73,2,341,8,,
29405,52842129,"Cozy Room near RUMC (2nd floor, Room 3)",32060911,Ervis,Staten Island,Randall Manor,40.63491,-74.11408,Private room,40,26,5,2022-07-29,0.56,6,306,5,,
29488,52801188,Eco Private room for 4 best location to Manhattan,92493393,Lois,Staten Island,West Brighton,40.63352,-74.11503,Private room,85,2,24,2022-08-02,2.29,3,354,24,,
29588,53027258,"Newly Renovated Room Near RUMC (2nd floor, Room 2)",32060911,Ervis,Staten Island,West Brighton,40.63453,-74.11554,Private room,45,26,4,2022-07-23,0.45,6,290,4,,
29626,52932376,"Spacious, Tranquil Apartment with Beautiful View.",428517167,Tetef,Staten Island,Tompkinsville,40.63118,-74.0849,Private room,40,30,0,,,1,123,0,,
29687,53050789,"1 bedroom apartment, Staten Island, NYC!",81534600,Erika,Staten Island,Tottenville,40.50456,-74.24984,Entire home/apt,110,3,26,2022-08-21,2.68,1,298,26,,
29775,53088652,"Private Entrance, Near Buono Beach, 9 min to ferry",236334741,Wendy,Staten Island,Rosebank,40.6137,-74.06728,Entire home/apt,106,2,17,2022-08-10,1.94,2,75,17,,
30111,53299304,The Little Paradise - New Owner,13373889,Nidal,Staten Island,Concord,40.60531,-74.0827,Private room,263,1,5,2022-02-08,0.54,1,0,5,,
30162,53448680,"Brand new construction, huge 750 Sq ft, be the 1st",432786519,Ardiana,Staten Island,Prince's Bay,40.52224,-74.20739,Entire home/apt,115,5,1,2022-01-03,0.12,1,310,1,,
30397,53561280,Staten Island Charm II,23815582,The Travel,Staten Island,Tompkinsville,40.63341,-74.09208,Entire home/apt,69,2,8,2022-08-20,0.98,4,189,8,,
30511,53573756,Entire 2BR apartment with private entrance,245993486,Elena,Staten Island,Tompkinsville,40.63318,-74.09585,Entire home/apt,107,30,0,,,1,35,0,,
30712,53674236,‚ô•Charming & Stylish Oasis | 5‚òÖ Location | Parking,39553567,Y Homes,Staten Island,Port Richmond,40.63006,-74.13708,Entire home/apt,260,1,40,2022-08-23,4.46,5,312,40,,
30748,53720099,–£—é—Ç–Ω–∞—è –∫–≤–∞—Ä—Ç–∏—Ä–∞ –≤ –ø–∞—Ä–∫–æ–≤–æ–π –∑–æ–Ω–µ.,126919880,Svetlana,Staten Island,Lighthouse Hill,40.57583,-74.12923,Private room,88,1,4,2022-09-01,0.77,1,362,4,,
30901,53914526,Family appartment for New Year,78895078,Vasilisa,Staten Island,St. George,40.647,-74.0841,Entire home/apt,150,4,0,,,1,90,0,,
30914,53813081,Basement apartment newly renovated full size bed,32060911,Ervis,Staten Island,West Brighton,40.63462092453782,-74.11359274145003,Entire home/apt,50,30,1,2022-08-10,1.0,6,311,1,,
30917,53867531,Stylish 1BR City Getaway with Modern Touches,24832471,Ivan,Staten Island,West Brighton,40.62926449327124,-74.11738104053987,Entire home/apt,112,1,8,2022-08-29,4.53,1,264,8,,
30926,53814043,LOVELY 1 BEDROOM APARTMENT/ Staten Island,50059393,Bruno,Staten Island,St. George,40.64075,-74.08378,Entire home/apt,97,2,19,2022-09-05,2.78,1,163,19,,
30935,53815424,Lovely two bedroom loft in NYC,435914865,Veronica,Staten Island,Arrochar,40.59139,-74.07612,Entire home/apt,105,2,22,2022-08-10,2.74,1,164,22,,
30978,53880936,3 bedroom apartment near the beach and all buses,1360198,Marina,Staten Island,Arrochar,40.59256,-74.06463,Entire home/apt,279,2,11,2022-08-10,1.69,2,309,11,,
31005,53832868,üí´ Chic & Modern | Minutes From Ewr And Nyc,39553567,Y Homes,Staten Island,Port Richmond,40.62866,-74.14578,Entire home/apt,117,1,10,2022-08-08,1.2,5,341,10,,
31119,54030789,Unique and Cozy space away from home,133299438,Vickie,Staten Island,St. George,40.63704,-74.08617,Private room,39,2,14,2022-08-22,2.15,2,66,14,,
31205,54055625,Charming APT W/ Access to NYC Transit - Quiet/Safe,188956585,Ismet,Staten Island,Huguenot,40.54335,-74.16679,Entire home/apt,99,6,13,2022-08-21,2.34,1,76,13,,
31546,518155935475124576,Furnished large room  WALK 2 RUMC,241676154,Maria,Staten Island,West Brighton,40.63052,-74.10387,Private room,41,30,0,,,14,249,0,,
31568,522425855620716170,Private NYC castle on the hill with amazing views.,100051549,Alex,Staten Island,Tompkinsville,40.62556,-74.08606,Entire home/apt,2500,3,7,2022-08-01,0.85,1,365,7,,
31639,54392313,HOME  AWAY FROM HOME,441644824,Jane,Staten Island,West Brighton,40.63113,-74.11905,Entire home/apt,94,1,25,2022-09-02,3.39,1,361,25,,
31759,505665954041199093,"Quiet neighborhood on Staten Island, walk to ferry",433807530,Werner,Staten Island,St. George,40.638966,-74.0802,Private room,42,90,0,,,2,198,0,,
31850,551414012116141596,üåÜUnique City Feel | One bedroom near Ewr and Nyc,39553567,Y Homes,Staten Island,Port Richmond,40.62845,-74.13723,Entire home/apt,95,2,7,2022-08-07,1.62,5,344,7,,
31852,551427865354979922,‚≠êÔ∏èBeautiful & Stylish Oasis | 5‚òÖ | 4 Bed  | Parking,39553567,Y Homes,Staten Island,Port Richmond,40.62891,-74.13727,Entire home/apt,371,1,1,2022-07-14,0.54,5,313,1,,
31864,551486754862349923,DOCTORS/MEDPROFESSIONALS NEAR HOSPWALK2TRAIN,241676154,Maria,Staten Island,Grant City,40.57764,-74.10895,Private room,41,30,0,,,14,160,0,,
31905,552208563699318844,1 BR Luxury Apt FiosTV Broadband Internet Self Chk,82504767,Temi,Staten Island,Graniteville,40.61887,-74.14987,Entire home/apt,138,2,44,2022-09-05,6.11,1,354,44,,
32000,555687828315016864,King Cheerful one room with free parking quite.,443693087,Frederick,Staten Island,Mariners Harbor,40.6292,-74.15808,Private room,62,1,23,2022-08-10,3.32,2,363,23,,
32016,555713859294258119,Queen Beautiful private space for quiet work place,443693087,Frederick,Staten Island,Mariners Harbor,40.6291,-74.15966,Private room,55,1,13,2022-07-31,1.88,2,350,13,,
32029,550923487986078016,Open concept Studio/Walk to Ferry.,256966373,Amir,Staten Island,St. George,40.64463,-74.08004,Entire home/apt,141,1,22,2022-08-26,3.57,4,178,22,,
32060,556365927024053098,The Executive Sweet,38819962,Thomas,Staten Island,Stapleton,40.62573,-74.08415,Entire home/apt,111,2,18,2022-09-03,2.86,2,336,18,,
32491,571533506242496688,Bright and airy 2-bedroom apt on Staten Island,367129649,Lorrie,Staten Island,West Brighton,40.63204,-74.09754,Entire home/apt,90,2,36,2022-08-31,5.81,1,182,36,,
32581,572329233134796177,Unique large house w/ game room & yard near ferry!,83102592,Wanda,Staten Island,St. George,40.64096,-74.08665,Entire home/apt,254,2,15,2022-08-28,3.88,2,59,15,,
32837,580589040494696466,COLORFUL ARTS CYPHER BEAUTIFUL HOME,255845850,Kathryn,Staten Island,Arrochar,40.59377,-74.07712,Entire home/apt,105,3,1,2022-05-05,0.24,2,361,1,,
32919,585485781418964904,Residential 3 bedroom a home away from home,79641851,Mia,Staten Island,Howland Hook,40.62561,-74.16863,Entire home/apt,215,3,0,,,2,364,0,,
32969,588266948359540153,"Lovely 2 bedroom apartment, Near Siuh/Rumc/ TN",285283438,Rita,Staten Island,Arrochar,40.5966,-74.08434,Entire home/apt,76,30,2,2022-08-13,0.44,3,281,2,,
32970,588267070646065944,"Quiet and Cozy, two bedroom, 2nd flr, near Siuh.",285283438,Rita,Staten Island,Arrochar,40.59615,-74.08219,Entire home/apt,95,30,1,2022-07-27,0.7,3,310,1,,
33108,589684188732933752,2Bdr in STATEN ISLAND near verrazzano bridge!!,417523343,Clarissa,Staten Island,Arrochar,40.59676,-74.06472,Entire home/apt,102,1,20,2022-08-28,4.58,1,0,20,,
33151,594281876479242562,Cozy 3 bedroom TH 35 min drive from Manhattan,76582389,Shirley,Staten Island,Mariners Harbor,40.64117,-74.16844,Entire home/apt,106,1,24,2022-09-04,4.53,1,289,24,,
33226,596986224454269512,Private Urban Oasis! 3 BR Condo with Huge Garden,15123868,Brad,Staten Island,Tompkinsville,40.63711,-74.08768,Entire home/apt,135,4,24,2022-08-22,4.74,3,326,24,,
33582,602066419007693604,‚òÖ‚òÜ Cozy Modern Apartment Near NYC Bus & Train ‚òÜ‚òÖ,16472227,Jason,Staten Island,Eltingville,40.54518,-74.15356,Entire home/apt,120,2,2,2022-08-31,0.59,1,25,2,,
33593,603880955366645489,Cozy 2 BR NYC APT Close to SI Ferry & Bridge,166779940,Nancy,Staten Island,Todt Hill,40.604679,-74.093307,Entire home/apt,103,1,33,2022-08-30,8.05,2,65,33,,
33674,604592035147034732,"3 bed,2bath.  terrace,grill,fireplace,pool table",284093925,Shamshod,Staten Island,Todt Hill,40.6022,-74.10133,Entire home/apt,299,2,9,2022-08-28,2.33,1,107,9,,
33704,608665407390035615,"Spacious and clean, 4 Bedrooms House",285283438,Rita,Staten Island,Concord,40.607,-74.0886,Entire home/apt,82,30,2,2022-07-28,0.71,3,299,2,,
33902,612104679091450603,Ideal for families! Close to Manhattan,15123868,Brad,Staten Island,Stapleton,40.62993,-74.08069,Entire home/apt,167,3,11,2022-08-14,2.87,3,340,11,,
33997,615665890002634195,"MALE, ONLY AND PLENTY OF REST!",244544373,Valerie,Staten Island,St. George,40.63736,-74.08155,Private room,95,1,3,2022-08-29,0.76,3,365,3,,
34076,618076597624796388,Entire home with private backyard,457135361,Svitlana,Staten Island,Midland Beach,40.57409,-74.09232,Entire home/apt,175,3,2,2022-08-23,1.3,1,352,2,,
34104,618163908360814167,"Lovely studio on Staten Island, New York",347029971,Basim,Staten Island,Mariners Harbor,40.63109538863847,-74.15736770699648,Entire home/apt,95,1,4,2022-08-10,2.14,1,270,4,,
34269,622679954169809913,Cozy 2-bedroom house with private parking and yard,21190402,David,Staten Island,Stapleton,40.62557,-74.0835,Entire home/apt,200,3,2,2022-09-05,1.67,1,71,2,,
34312,620271930498260272,Seaview Suite w/ Chic Bathroom and Private Entry,34353017,Jingyi,Staten Island,Tompkinsville,40.62967,-74.08457,Private room,87,1,25,2022-08-26,6.1,3,66,25,,
34408,623911914751029129,The Modern Oasis in NYC & EWR | Near Beach & Train,458447508,Anna,Staten Island,Prince's Bay,40.52498,-74.21514,Entire home/apt,168,1,10,2022-09-04,2.68,1,137,10,,
34509,628023519035883436,Great Location! 1 BR with New Private Bathroom,15123868,Brad,Staten Island,Tompkinsville,40.630226,-74.081734,Private room,92,3,10,2022-09-05,2.75,3,358,10,,
34711,632002464125020727,Cozy Studio 5 minutes from ferry to Manhattan,314978616,Timothy,Staten Island,St. George,40.64358,-74.08285,Entire home/apt,81,1,16,2022-08-22,4.62,1,319,16,,
34808,635349981223517857,Upscale Newly furnished 3 bedroom Harbor View Apt,62165573,Joseph,Staten Island,Tompkinsville,40.6359,-74.07963,Entire home/apt,188,3,13,2022-09-05,4.11,1,127,13,,
34889,636102680963588163,cozzy room with private entrance and drive way,355258878,Wahid,Staten Island,Mariners Harbor,40.63708,-74.16759,Private room,70,2,3,2022-08-02,1.0,4,312,3,,
34971,636944733339084818,suite in a family  house,355258878,Wahid,Staten Island,Mariners Harbor,40.63799,-74.16949,Private room,100,2,6,2022-08-02,1.96,4,342,6,,
35087,640612171111039003,"2nd Floor near Park and Ferry to NYC  , RUMC",32162495,Mostafa,Staten Island,Tompkinsville,40.63166,-74.09488,Entire home/apt,146,2,2,2022-07-15,0.8,3,178,2,,
35095,641863227870851745,cozy room with private bathroom,355258878,Wahid,Staten Island,Mariners Harbor,40.6382,-74.16913,Private room,83,1,7,2022-08-29,2.39,4,361,7,,
35282,645570950259581346,Entire floor 1 bedroom w/ living room &  bathroom,87794273,Constance,Staten Island,Concord,40.60205,-74.07389,Private room,103,2,10,2022-09-04,3.75,1,50,10,,
35517,649243480456322528,1-bedroom rental - 1 block from EXPRESS BUS to NYC,25261935,Carlos,Staten Island,South Beach,40.58692037381656,-74.08887917690643,Entire home/apt,120,3,6,2022-09-04,3.05,1,311,6,,
35536,651908038576153134,"NYC Living - Close to all, comfy, cozy and fun!",6337952,Alex,Staten Island,Dongan Hills,40.58379188991727,-74.10699461705279,Entire home/apt,108,1,6,2022-09-05,2.34,1,330,6,,
35637,653909555821012638,2-bedroom condo in prime location ft. views!,28642235,Giuseppina,Staten Island,St. George,40.64615091606886,-74.08182946149103,Entire home/apt,218,1,0,,,1,354,0,,
35661,651340447082779539,Studio apartment,169150553,Maouchi,Staten Island,Arrochar,40.59224,-74.06806,Entire home/apt,95,1,20,2022-08-31,8.57,1,89,20,,
35956,659250359274334398,Lovely one bedroom with unique outdoor space,196770644,Rafael,Staten Island,Stapleton,40.6367341,-74.0766671,Entire home/apt,87,2,10,2022-09-02,5.36,2,281,10,,
36167,661404047684581697,Be our Guest 1 Bedroom Apartment Staten Island NY,121578156,Teresa,Staten Island,Tottenville,40.50031443485432,-74.23913564532995,Entire home/apt,105,2,11,2022-09-01,5.69,1,345,11,,
36203,664633132220977386,The Hill. Garden apt Near R.U.M.C,24580977,Ed,Staten Island,Tompkinsville,40.63438946827837,-74.08924284780458,Entire home/apt,125,1,7,2022-08-29,4.12,2,351,7,,
36242,665068467650935738,3 bedroom on Staten Island close to beach,374993676,Matthew,Staten Island,New Dorp Beach,40.56384902051308,-74.09874350097706,Entire home/apt,236,3,5,2022-08-25,4.41,1,328,5,,
36439,667260564999109254,Heart of NYC,308917048,Victor,Staten Island,Arden Heights,40.549946000713526,-74.16788571182833,Entire home/apt,133,2,2,2022-07-24,1.2,1,313,2,,
36644,670375952726446648,Private Room in A Renovated Modern Apartment!,469253894,Sarkis,Staten Island,Randall Manor,40.63496667960433,-74.11394818858345,Private room,65,6,0,,,3,359,0,,
36647,670401205229303119,Private Room in a Renovated Modern Apartment!,469253894,Sarkis,Staten Island,West Brighton,40.63436488827763,-74.1155018019064,Private room,65,6,0,,,3,348,0,,
36733,671852433528637182,Lovey 2-Bedroom Apartment in Staten Island!,469253894,Sarkis,Staten Island,Randall Manor,40.634860792609885,-74.11427005781908,Entire home/apt,120,3,4,2022-08-27,3.33,3,334,4,,
36848,674587729246840977,Cozy 1 Br Apt in Staten Island,226404187,Jacob,Staten Island,St. George,40.64702092952191,-74.0862807342707,Entire home/apt,65,2,0,,,1,5,0,,
37023,679737864262116907,Private 1 Bed Garden Apartment Close to Everything,471710575,Angela,Staten Island,St. George,40.6463804,-74.0820349,Entire home/apt,117,1,6,2022-09-02,6.0,1,107,6,,
37046,681095875381595879,Private 1-Bedroom Apartment on a Quiet Street,16307015,Matthew,Staten Island,Prince's Bay,40.52033966288596,-74.20516033932735,Entire home/apt,90,3,2,2022-08-19,1.62,1,17,2,,
37126,681366942258397260,"Modern One Bedroom, Private fenced yard",19457310,Ken,Staten Island,Eltingville,40.5427340457317,-74.14899581534996,Entire home/apt,150,2,0,,,1,290,0,,
37210,682109229505267577,MEDICAL PROFESSTIONALS/TRAVELERS MIN. WALK 2 TRAIN,241676154,Maria,Staten Island,Grant City,40.57892610214373,-74.1082392831035,Private room,36,30,0,,,14,296,0,,
37211,682116278774599190,WALK 2RICHMOND UNIV. MEDICAL CENTER NO CAR NEEDED,241676154,Maria,Staten Island,West Brighton,40.632378144434114,-74.10543870224568,Private room,37,30,0,,,14,305,0,,
37258,685653861894881891,"Private Room, walk to ferry",433807530,Werner,Staten Island,St. George,40.6389659,-74.08019929999999,Private room,44,90,0,,,2,310,0,,
37600,690789292617238611,Cozy 1-Bedroom in Staten Island,302225631,Dennis,Staten Island,Graniteville,40.62510292964535,-74.16164764201709,Private room,77,1,3,2022-09-01,3.0,1,342,3,,
37790,693277475300900181,Staten Island/NYC getaway,23815582,The Travel,Staten Island,Tompkinsville,40.63354771289948,-74.09185820075845,Entire home/apt,94,3,1,2022-08-20,1.0,4,359,1,,
37794,693368780254450780,3- Bedroom Newly Renovated Cozy Apartment,97864085,Viktoria,Staten Island,Arden Heights,40.54677700031456,-74.17658943312207,Entire home/apt,158,30,0,,,1,234,0,,
37984,695817663464762787,Adorable studio guesthouse in Staten Island,275402560,Ashley,Staten Island,Rosebank,40.61289298546372,-74.07344524831959,Entire home/apt,80,2,2,2022-09-04,2.0,1,247,2,,
38046,699158285991699810,Cheerful 1-bedroom townhouse with free parking.,131000948,Million,Staten Island,Mariners Harbor,40.63444,-74.16749,Private room,59,1,3,2022-09-06,3.0,1,362,3,,
38084,701546982341436454,Newly Renovated 2 Bedroom NYC House Close to NJ.,475005003,Jonathan,Staten Island,Arden Heights,40.54356193952624,-74.16831749751803,Entire home/apt,156,3,0,,,1,49,0,,
38097,701623345825974456,NYC lovely apartment - easy commute to downtown!,153370343,Maria,Staten Island,New Dorp Beach,40.56489025529038,-74.10195769313273,Entire home/apt,95,1,2,2022-09-05,2.0,1,351,2,,
38394,704509709325061320,Cozy Spacious Home Away from Home 2,273971514,Bright,Staten Island,St. George,40.645696224598495,-74.08505083541029,Entire home/apt,189,2,1,2022-09-04,1.0,2,350,1,,
38487,705956442175168415,Lovely 3 bedroom condo in a brand new 2 Fam house,437390203,Dmitriy,Staten Island,St. George,40.63925069561793,-74.07636668649945,Entire home/apt,159,3,0,,,1,355,0,,
38540,49755421,"NEAR EWR  Lovely 2 bedroom Apt. Elizabeth, NJ",313935950,Leonard,Staten Island,Port Ivory,40.65432,-74.18867,Entire home/apt,148,5,5,2022-07-30,0.6,1,76,5,,
38543,47977955,Close to the shopping area and transportation.,386768110,Ayman,Staten Island,Randall Manor,40.6613,-74.12171,Entire home/apt,90,3,1,2021-03-11,0.05,1,35,0,,
38553,647303287833632023,Prvt Rm w/ WIFI + TV - Bus/Train to NYC,76371792,Ali,Staten Island,Randall Manor,40.6556004,-74.1256935,Private room,60,3,5,2022-09-05,2.42,3,249,5,,
38561,680876358317887323,Hermosa habitaci√≥n con mucho espacio,465905481,Angie C,Staten Island,Port Ivory,40.651580866802064,-74.18716885755727,Private room,45,1,5,2022-09-01,3.75,2,344,5,,
38585,579700708991744375,Lovely One bedroom in shared space great location,346850421,Stephanie,Staten Island,Freshkills Park,40.57654,-74.22076,Private room,250,3,0,,,1,365,0,,
38586,31266148,"Great Studio apartment, totally private!",233961578,Edith,Staten Island,Freshkills Park,40.57346,-74.22223,Entire home/apt,71,3,40,2022-08-14,0.94,1,91,11,,
38589,705833074748086695,"Lovely 3-bedroom unit with parking, 7min-Airport.",474070041,Gift,Staten Island,Port Ivory,40.65834381191455,-74.19499226251821,Entire home/apt,160,1,0,,,2,365,0,,
38598,29542597,"Bayonne; NYC, Newark Airport & Cruise Line",222449028,Denise,Staten Island,Randall Manor,40.65664,-74.12318,Private room,61,2,43,2022-09-05,0.94,1,143,13,,
38603,708135614243634114,Urban Studio in the heart of West Brighten,82088787,Sheren,Staten Island,Randall Manor,40.62794223229093,-74.12725011175917,Entire home/apt,132,1,0,,,2,359,0,,
38606,686836673029337355,"*Free Parking* King Beds near NYC&EWR, Sleeps 12",449238648,T,Staten Island,Randall Manor,40.65297,-74.12552,Entire home/apt,364,1,2,2022-08-22,2.0,1,97,2,,
38617,583399139988485750,Very business oriented and convenient,432195450,Venturaa,Staten Island,Howland Hook,40.65483,-74.20312,Private room,63,1,17,2022-09-03,2.95,2,352,17,,
38638,583807010023679227,"30m to NYC, 65"" TV, PacMan Game, Yard+BBQ, King bd",44008190,The HF Collection,Staten Island,Port Richmond,40.64722,-74.13263,Entire home/apt,2429,1,0,,,6,363,0,,
38640,687156613662836171,Cozy 2-bedroom suite in Elizabeth,447003675,Bayo,Staten Island,Howland Hook,40.654968769272784,-74.19543944299221,Private room,175,1,0,,,4,364,0,,
38647,39280388,20 miles from WTC NYC.,251553467,Aarjay,Staten Island,Freshkills Park,40.57294,-74.22497,Private room,125,59,0,,,1,179,0,,
38648,52950353,Spacious 3 Bedroom Rental Near EWR Airport & NYC,240855036,Mike,Staten Island,Bloomfield,40.64221,-74.21398,Entire home/apt,188,2,49,2022-08-15,5.57,1,325,49,,
38659,28465008,"B6) BigRoom.Near NewarkAirport,NYC&Outlet Mall",152055626,Manny,Staten Island,Port Ivory,40.65152,-74.18849,Private room,55,1,202,2022-09-05,4.17,2,17,39,,
38666,676287822643784475,Cozy 3 bedrooms in Elizabeth,447003675,Bayo,Staten Island,Howland Hook,40.65493163316512,-74.19545587152243,Private room,175,1,0,,,4,359,0,,
38668,53381931,Habitaci√≥n acogedora con ba√±o privado.,432212494,Katherine,Staten Island,Howland Hook,40.65042,-74.19295,Private room,71,1,18,2022-09-02,5.35,2,347,18,,
38670,52638005,Whole Family Getaway‚ú®Theater+Game FlrüèÄüé±‚õ≥Ô∏èüçø,44008190,The HF Collection,Staten Island,Port Richmond,40.64754,-74.13226,Entire home/apt,810,1,13,2022-08-09,1.31,6,343,13,,
38671,50396340,Private room close to NYC transportation,407118242,Eamon,Staten Island,Randall Manor,40.65702,-74.12148,Private room,59,1,12,2022-08-21,1.32,2,85,12,,
38681,634594647780626160,Stunning two bed-room unit. 10 mins from NYC!,460874179,Kwame,Staten Island,Port Ivory,40.65302,-74.18117,Entire home/apt,152,3,3,2022-08-09,1.36,2,267,3,,
38683,52732343,Luxury   1 bedroom/ 2 bathrooms and a balcony .,186523371,Mhelyssa,Staten Island,Port Richmond,40.64823,-74.13919,Entire home/apt,200,5,0,,,1,365,0,,
38685,685702391454408389,"Cozy Townhouse, Close to Ferry",473197643,John,Staten Island,Park Hill,40.61600933964295,-74.0753071888444,Entire home/apt,155,2,2,2022-09-06,2.0,1,172,2,,
38688,706637614777544251,Tu espacio de descanso y paz,243336755,Anyelo,Staten Island,Howland Hook,40.65458,-74.19657,Private room,58,1,0,,,1,87,0,,
38692,28012140,Loft: Designed for long term stays over 180 days,233556,Ric & Mel,Staten Island,Port Ivory,40.65161,-74.18901,Entire home/apt,170,180,36,2021-12-31,0.74,2,262,7,,
38693,601339559349004749,Lovely 2- Bedroom Unit with Free parking,347311751,Nay,Staten Island,Freshkills Park,40.571404,-74.226204,Entire home/apt,150,1,2,2022-07-01,0.42,3,365,2,,
38696,29403445,Cozy Two Bed Room apartment for None Smokers.,117195857,Shahzad,Staten Island,Randall Manor,40.65518,-74.12044,Entire home/apt,120,2,21,2021-05-30,0.47,2,157,0,,
38697,693344990232088016,CONDO LIKE NO OTHER |SAUNA|OCEAN VIEW | POOL TABLE,474877176,GKR Productions,Staten Island,Tottenville,40.51111485043992,-74.2610313403968,Entire home/apt,250,2,0,,,1,50,0,,
38699,51109729,"Sleek hideaway pad with privacy, peace and tech.",56095060,David,Staten Island,Port Richmond,40.65871,-74.12993,Entire home/apt,100,8,4,2022-01-15,0.32,2,343,3,,
38705,28159508,"B4) Good&Safe.Near Newark Airport,NYC&Outlet Mall.",152055626,Manny,Staten Island,Port Ivory,40.65165,-74.18812,Private room,47,1,216,2022-09-02,4.42,2,18,30,,
38712,680876317285634703,Beautiful room with plenty space,465905481,Angie C,Staten Island,Port Ivory,40.65242647271042,-74.18659511855826,Private room,65,1,2,2022-08-22,2.0,2,344,2,,
38718,51303634,Posh Luxurious Getaway w/ FREEParking,406928291,Claire,Staten Island,Freshkills Park,40.57507,-74.21991,Entire home/apt,160,2,8,2021-12-12,0.65,1,339,7,,
38720,696958008626462521,NEW! Updated Pet-Friendly Townhome ~ 11 Mi to NYC!,121680792,Evolve,Staten Island,Randall Manor,40.6586,-74.12368,Entire home/apt,125,2,1,2022-08-28,1.0,4,357,1,,
38721,38913385,IndoTaino Guest Master Private Rm/Shared Bathroom.,298033326,Oscar,Staten Island,Tottenville,40.52339,-74.26564,Private room,500,7,3,2020-01-03,0.08,3,358,0,,
38724,505043314922373150,Elegantly Decorated Fully Furnished Home,323572176,Danielle,Staten Island,Freshkills Park,40.59941,-74.17776,Entire home/apt,150,30,0,,,1,347,0,,
38726,50471220,The studio (bundle of happiness),308316618,Christopher,Staten Island,Randall Manor,40.65406,-74.12718,Entire home/apt,116,3,6,2022-06-22,0.73,2,242,6,,
38728,676203434896123095,Cozy 4-bedroom apartment in Elizabeth,447003675,Bayo,Staten Island,Howland Hook,40.65492629150632,-74.19545721262693,Private room,225,1,2,2022-08-07,1.3,4,358,2,,
38730,38073178,Home Away From Home!,265484072,Anna,Staten Island,Randall Manor,40.6602,-74.12342,Entire home/apt,75,1,22,2020-11-01,0.6,1,3,0,,
38733,574127983900710305,Deluxe Private BR Great for Commuting to NYC & EWR,131991294,Michael,Staten Island,Randall Manor,40.65749,-74.12694,Private room,56,1,8,2022-08-17,1.49,4,355,8,,
38735,627964337357911489,"Studio fully renovated
3 min from train station.",313616777,Carlos,Staten Island,Tottenville,40.5187,-74.26952,Entire home/apt,120,1,0,,,1,190,0,,
38736,49511693,Bundle of Happiness (THE FLORAL GARDEN),308316618,Christopher,Staten Island,Randall Manor,40.65411,-74.12767,Entire home/apt,160,3,28,2022-08-21,2.45,2,288,28,,
38740,643380473394825471,"Private room , 10 minutes from Newark Airport",459383324,Esther,Staten Island,Howland Hook,40.65168,-74.19554,Shared room,59,1,9,2022-08-08,3.1,1,363,9,,
38743,42902034,Cozy One Queen Bedroom Suite. Strictly No Smoking.,117195857,Shahzad,Staten Island,Randall Manor,40.65384,-74.11901,Entire home/apt,93,2,26,2022-06-19,0.92,2,342,8,,
38744,648776405221625715,Large rm with prvt master bath - 40 min from NYC,76371792,Ali,Staten Island,Randall Manor,40.6559,-74.12504,Private room,65,3,6,2022-09-04,2.22,3,235,6,,
38749,544997265956083629,TOWNHOUSEüè†5BR/2BATH/2 FLOORS/ FREE PARKING/BBQ ü§©,76476071,Silvia,Staten Island,Port Ivory,40.65627,-74.18785,Entire home/apt,203,1,45,2022-09-05,6.11,2,328,45,,
38752,574115760671330554,Cozy Private BR Great for Commuting to NYC & EWR,131991294,Michael,Staten Island,Port Richmond,40.65678,-74.12835,Private room,42,1,11,2022-08-30,1.93,4,194,11,,
38754,53639978,"Apartment -3 bedrooms,kitchen, bathroom etc",434375821,Thania,Staten Island,Howland Hook,40.65181,-74.19311,Entire home/apt,170,1,32,2022-08-28,4.64,1,180,32,,
38755,38915002,Indo Taino Guest House-king Room II,298033326,Oscar,Staten Island,Tottenville,40.52512,-74.26675,Private room,400,1,21,2020-02-01,0.59,3,365,0,,
38759,52318681,COZY 3ROOM APT‚≠êÔ∏è10 MIN EWR+PARKüöó,76476071,Silvia,Staten Island,Port Ivory,40.65611,-74.18859,Entire home/apt,140,1,72,2022-07-06,6.35,2,12,72,,
38763,21838071,modern apartment very close to NYC with parking sp,17209646,Jessica,Staten Island,Port Richmond,40.65826,-74.1326,Entire home/apt,191,4,45,2022-09-02,0.78,1,348,16,,
38764,638933917705215614,"Beautiful 2 bedroom, 1.5 bath duplex in Bayonne,NJ",296413571,Mariely,Staten Island,Randall Manor,40.64601693375988,-74.1285485147016,Entire home/apt,120,2,3,2022-07-09,1.2,1,338,3,,
38767,585324645519548584,Duplex apt‚ú®Dining & Game FloorüèÄüé±‚õ≥Ô∏è (80in Projector),44008190,The HF Collection,Staten Island,Port Richmond,40.648197,-74.132957,Entire home/apt,412,1,11,2022-08-20,2.14,6,110,11,,
38770,33574976,Cozy apartment in NYC,246224359,Julie Ann,Staten Island,Park Hill,40.61067,-74.08897,Entire home/apt,72,1,62,2022-08-16,1.59,1,105,7,,
38784,574123150610393496,Comfy Private BR Great for Commuting to NYC & EWR,131991294,Michael,Staten Island,Randall Manor,40.65614,-74.12736,Private room,46,1,6,2022-09-01,1.29,4,326,6,,
38791,573985371793542869,Spacious Private BR - Easy Commute to NYC & EWR,131991294,Michael,Staten Island,Randall Manor,40.65628,-74.12681,Private room,56,1,7,2022-09-06,1.51,4,339,7,,
38792,679244396870932815,Lovely 3 bedroom 2 bath with free parking.,25881033,Sallem,Staten Island,Randall Manor,40.65277,-74.12292,Entire home/apt,225,2,3,2022-08-21,2.81,1,350,3,,
38798,36165680,Private sunny house apt near NYC/NWK/Cruise 3 beds,270269608,Alisha,Staten Island,Randall Manor,40.65766,-74.12676,Entire home/apt,130,2,88,2022-08-29,2.26,2,78,37,,
38799,53782895,Luxurious Apt w/ Office *15 mins from EWR/NYC*,112185728,Dreams Of Luxe,Staten Island,Randall Manor,40.66018,-74.11693,Entire home/apt,188,3,20,2022-08-30,2.75,1,336,20,,
38801,676251333473084675,Cozy Master Bedroom in Elizabeth,447003675,Bayo,Staten Island,Howland Hook,40.65494104407135,-74.19545721262693,Private room,90,1,0,,,4,361,0,,
38803,51930569,"New Updates! 2 Living Rooms‚ú®Theater+üçø Deck, Grill",44008190,The HF Collection,Staten Island,Port Richmond,40.64923,-74.13376,Entire home/apt,806,1,4,2022-06-20,0.79,6,106,4,,
38805,38914340,Indo Taino Guest House - Queen BedRoom III,298033326,Oscar,Staten Island,Tottenville,40.52371,-74.26519,Private room,300,1,0,,,3,365,0,,
38811,22277517,Flat: Designed for long term stays over 180 days,233556,Ric & Mel,Staten Island,Port Ivory,40.65328,-74.18692,Entire home/apt,126,180,33,2022-01-02,0.58,2,214,2,,
38818,45955474,Carlos‚Äôs place,208486438,Carlos,Staten Island,Freshkills Park,40.57905,-74.22127,Private room,95,1,0,,,1,179,0,,
38819,22087812,Cozy Studio with Private Entrance,161352782,Linda,Staten Island,Park Hill,40.61391,-74.08557,Entire home/apt,85,2,258,2022-08-26,5.51,1,316,49,,
38823,50396348,Cozy private room close to NYC,407118242,Eamon,Staten Island,Randall Manor,40.6554,-74.12136,Private room,60,1,2,2021-12-31,0.23,2,66,2,,
38829,646273219536201475,Hermosa Habitaci√≥n,432212494,Katherine,Staten Island,Howland Hook,40.6496467,-74.1924006,Private room,63,1,14,2022-09-03,5.06,2,363,14,,
38838,695731857066617898,Lovely & Cozy 2 Bed Apt 25 minutes from Manhattan,165332104,Yoba,Staten Island,Randall Manor,40.66475,-74.11033,Entire home/apt,190,3,0,,,1,365,0,,
38842,689378724905496133,"Dormitorio equipado, cama 2 plazas, closet y tv",168006241,Maria Jose,Staten Island,Randall Manor,40.65629,-74.12489,Private room,52,1,4,2022-09-01,4.0,1,324,4,,
38843,14389357,nice apt condo w/ parking,35582977,Gerald,Staten Island,Park Hill,40.60944,-74.0869,Private room,40,25,55,2022-03-17,0.74,1,364,11,,
38846,708595171553201003,Lovely cozy 3-bedroom unit with access everywhere.,474070041,Gift,Staten Island,Port Ivory,40.65925,-74.19556,Entire home/apt,160,1,0,,,2,354,0,,
38852,4965145,"Come, Stay and Relax .",22654119,Madeleinis,Staten Island,Howland Hook,40.64987,-74.19937,Private room,69,3,62,2022-08-21,0.68,4,358,11,,
38854,6389968,Private Room In Large 3bdrm House,22654119,Madeleinis,Staten Island,Howland Hook,40.64999,-74.19748,Private room,69,4,45,2022-04-27,0.51,4,280,6,,
38861,648755401503295283,Cozy prvt rm w. balcony. WIFI/TV - 40 min from NYC,76371792,Ali,Staten Island,Randall Manor,40.65638,-74.12548,Private room,52,3,10,2022-09-03,3.75,3,236,10,,
38864,50822633,‚òÖPRIVATE DINNER! | KING BED BY EWR AIRPORT & NYC!‚òÖ,409952022,Real Resolutions,Staten Island,Freshkills Park,40.57606,-74.22185,Entire home/apt,131,1,55,2022-08-29,4.37,1,199,54,,
38871,39690593,Your perfect hub for your New York City Adventure.,56095060,David,Staten Island,Port Richmond,40.65831,-74.13121,Entire home/apt,113,8,31,2022-07-10,0.95,2,202,12,,
38873,602773070221515933,1 Bedroom Rental unit 10 minutes from EWR Airport,453787846,Francis And Vicky,Staten Island,Howland Hook,40.648869,-74.196075,Entire home/apt,139,2,14,2022-08-27,3.07,1,335,14,,
38875,6390291,Beautiful 2 Bedroom Home,22654119,Madeleinis,Staten Island,Howland Hook,40.65065,-74.19884,Entire home/apt,220,2,12,2022-05-16,0.14,4,358,1,,
38877,51361004,"Newly Updated Luxury 3br‚ú®Freeüç∑, King bd‚ú®Yard+Grill",44008190,The HF Collection,Staten Island,Port Richmond,40.64936,-74.13218,Entire home/apt,304,1,44,2022-08-31,3.33,6,115,39,,
38879,16301430,Cozy Private Room in Staten Island,78173885,Felix,Staten Island,Park Hill,40.6096,-74.08824,Private room,100,1,76,2021-11-07,1.14,1,178,1,,
38885,32888904,5min to Newark airport/Jersey Garden & close to NY,90437843,Barbara And Rogelio,Staten Island,Port Ivory,40.65475,-74.18624,Entire home/apt,180,1,81,2022-08-20,1.96,2,353,34,,
38890,35932623,Apt near NYC/NWK/Cruise,270269608,Alisha,Staten Island,Randall Manor,40.6583,-74.12674,Entire home/apt,86,1,202,2022-09-04,5.2,2,162,70,,
38896,703436817920522591,Lovely One Bedroom Apt in quiet Bayonne,218821641,Harvey,Staten Island,Randall Manor,40.6532,-74.12285,Entire home/apt,144,2,0,,,1,362,0,,
38898,678865543861496958,SO FRESH 2-bedroom unit. Very close to NYC!,460874179,Kwame,Staten Island,Port Ivory,40.65329,-74.18147,Entire home/apt,120,4,1,2022-09-02,1.0,2,365,1,,
38907,6390209,Great Master Suite w/Large Bathroom,22654119,Madeleinis,Staten Island,Howland Hook,40.64975,-74.19772,Private room,250,3,9,2019-10-06,0.11,4,365,0,,
38909,611474131288511493,Luxury 2-Bedroom Town House with on-site parking,455664100,Abosede,Staten Island,Park Hill,40.612469,-74.085388,Entire home/apt,178,2,17,2022-08-24,4.21,1,351,17,,
38912,50491633,6 beds‚ú®Deck+BBQ‚ú®80‚Äù Projectorüçø‚ú®FREEüç∑Near EWR & NYC,44008190,The HF Collection,Staten Island,Port Richmond,40.64817,-74.13295,Entire home/apt,298,1,61,2022-07-31,4.18,6,110,47,,
38920,557228300112285399,Perfect for who seeks comfort and convenience,432195450,Venturaa,Staten Island,Howland Hook,40.65488,-74.20363,Private room,61,1,33,2022-09-03,4.78,2,348,33,,
38922,34467685,6min to Newark airport/Jersey Garden & close to NY,90437843,Barbara And Rogelio,Staten Island,Port Ivory,40.65529,-74.18547,Entire home/apt,120,1,47,2022-08-14,1.2,2,360,21,,
38970,49814585,‚òÖLuxurious & Comfy | 15min to NYC/ EWR | ‚ôõKing Bed,39553567,Y Homes,Staten Island,Randall Manor,40.66162,-74.12017,Entire home/apt,175,1,61,2022-04-24,3.99,5,0,39,,
38992,52078462,Modern 1 BR laundry&parking near NYC Self Check-IN,421664266,Bruna,Staten Island,Howland Hook,40.65664,-74.20124,Entire home/apt,85,7,8,2022-08-14,0.73,2,355,8,,
38994,44261577,Charming Brand New Home Near the SI Ferry,281410258,Aba,Staten Island,Park Hill,40.61489,-74.08491,Entire home/apt,214,1,85,2022-09-04,3.31,1,77,39,,
39056,52325341,Cozy 2BR Parking&Laundry near NYC Self Check-IN,421664266,Bruna,Staten Island,Howland Hook,40.65652,-74.20145,Entire home/apt,140,4,36,2022-09-05,3.31,2,320,36,,
